"periods","ave_time","prop_time"
"A",67.0203007518797,0.384313850219838
"B",44.4341017992654,0.254798032118007
"C",43.8036110684346,0.251182615332717
"D",19.1314878608959,0.109705502329438
