"periods","ave_time","prop_time"
"A",49.14,0.313975151436714
"B",44.4341017992654,0.283907282079339
"C",43.8036110684346,0.279878824149098
"D",19.1314878608959,0.122238742334849
